entity_ptr,event_count,unique_ws,unique_dl_slots,unique_gobjs,world_states
0x008BC5B0,429097,2,3,5,"0x0000000f,0x00000010"
0x015797C0,218263,1,1,6,0x0000001a
0x013E63A0,147126,2,3,13,"0x00000016,0x00000017"
0x014E5080,58973,6,7,15,"0x00000009,0x0000000a,0x0000000b,0x0000000d,0x00000011,0x00000012"
0x0127EDA0,58081,3,4,22,"0x00000008,0x00000009,0x0000000a"
0x0148DB20,45713,4,5,10,"0x00000012,0x00000013,0x00000014,0x00000015"
0x014A76E0,45088,3,4,11,"0x00000013,0x00000014,0x00000015"
0x0145F9D0,43267,2,3,14,"0x00000008,0x00000009"
0x0154D7D0,42297,2,3,14,"0x00000010,0x00000011"
0x014475D0,38644,2,3,9,"0x00000014,0x00000015"
0x008C2A60,38632,2,3,22,"0x00000016,0x00000017"
0x01358190,33563,2,3,13,"0x0000000a,0x0000000b"
0x015A31E0,31683,2,4,12,"0x0000000a,0x00000011"
0x015235E0,22669,2,4,8,"0x00000008,0x00000009"
0x014EF810,22629,2,4,13,"0x00000010,0x00000011"
0x01415A10,21891,2,4,5,"0x00000009,0x0000000a"
0x013B3830,21059,2,4,8,"0x00000016,0x00000017"
0x013AB080,20568,2,3,32,"0x00000014,0x00000015"
0x01389C60,20267,3,4,38,"0x00000013,0x00000014,0x00000015"
0x0105DA10,18889,2,3,17,"0x0000000d,0x0000000e"
0x014B87C0,18829,1,1,12,0x00000011
0x0142D7D0,17306,4,5,23,"0x0000000a,0x0000000b,0x00000012,0x00000016"
0x014ADC80,17141,3,4,12,"0x0000000a,0x00000012,0x00000013"
0x014D88A0,14845,3,4,12,"0x0000000a,0x00000012,0x00000013"
0x010B3E50,13385,2,3,19,"0x0000000d,0x0000000e"
0x011672B0,13176,3,5,21,"0x00000008,0x00000009,0x0000000a"
0x008CC9C0,12752,2,4,9,"0x00000004,0x00000005"
0x008D6310,12170,1,1,11,0x00000008
0x014218F0,10934,1,1,2,0x0000000a
0x014F9FD0,10199,2,3,12,"0x00000019,0x0000001a"
0x0113C8D0,10024,2,2,25,"0x0000000e,0x0000000f"
0x0125FD20,9862,3,4,9,"0x00000006,0x00000007,0x00000008"
0x011A86E0,8739,2,2,3,"0x00000001,0x00000039"
0x011A8570,8625,2,2,3,"0x00000001,0x00000039"
0x008D2650,8436,1,0,1,0x00000019
0x01474B70,8343,2,3,10,"0x00000014,0x00000015"
0x0148A140,8031,2,3,12,"0x00000018,0x00000019"
0x01119A70,7909,2,3,14,"0x0000000d,0x0000000e"
0x0139F3D0,6664,2,4,3,"0x00000013,0x00000014"
0x008CEF80,6393,3,4,5,"0x00000001,0x00000013,0x00000039"
0x010591C0,6323,2,3,11,"0x00000006,0x00000007"
0x013B8590,6076,2,3,5,"0x00000018,0x00000019"
0x01524EA0,6048,2,3,28,"0x0000000a,0x00000011"
0x008AFF50,5920,2,3,5,"0x00000001,0x00000029"
0x011CBF20,5503,2,3,9,"0x0000000d,0x0000000e"
0x011993B0,5160,2,3,6,"0x0000000d,0x0000000e"
0x0145AFB0,4981,1,0,1,0x00000013
0x008BA830,4863,1,0,1,0x00000019
0x008C3FF0,4833,1,0,1,0x00000009
0x008B8110,4805,1,0,1,0x00000009
0x01415210,4605,3,4,10,"0x00000014,0x00000015,0x00000032"
0x0115B5B0,4401,1,1,3,0x00000009
0x00D52570,4280,2,3,4,"0x00000004,0x00000005"
0x01358200,4235,2,3,14,"0x00000004,0x00000006"
0x01570670,4204,1,0,1,0x00000011
0x011CE410,4180,2,3,19,"0x00000009,0x0000000a"
0x008D8700,4144,2,3,16,"0x00000016,0x00000018"
0x01150310,3918,1,0,1,0x00000009
0x014AC8E0,3303,2,4,4,"0x00000010,0x00000011"
0x01192950,3118,1,0,1,0x00000009
0x010E6F00,3093,2,3,6,"0x0000000d,0x0000000e"
0x014AE950,3078,2,4,18,"0x0000000a,0x00000017"
0x008C6770,2974,1,0,1,0x00000019
0x014F0A70,2930,1,0,1,0x00000008
0x01447CB0,2922,1,0,1,0x00000008
0x008B7090,2917,2,3,2,"0x0000002b,0x0000002d"
0x0145D410,2909,1,0,1,0x00000017
0x011B6650,2905,1,0,1,0x00000009
0x014B2510,2816,1,0,1,0x0000000a
0x0124C230,2672,1,0,2,0x00000009
0x011C2530,2651,1,0,1,0x00000009
0x00CFC560,2584,2,3,5,"0x00000013,0x00000032"
0x01453AF0,2578,1,0,1,0x00000008
0x0119E890,2535,1,0,1,0x00000009
0x00C52210,2448,2,3,6,"0x00000003,0x00000005"
0x011AA770,2350,1,0,1,0x00000009
0x01577290,2252,1,0,3,0x00000010
0x008C9670,2194,2,4,4,"0x0000000b,0x0000000d"
0x014FE810,1616,1,0,1,0x00000010
0x008B1970,1531,2,4,2,"0x00000028,0x0000002d"
0x0109C030,1421,1,4,4,0x0000000d
0x01279BA0,1254,2,3,5,"0x00000003,0x00000028"
0x013C0960,1117,1,0,1,0x0000000b
0x008B27D0,1061,2,3,3,"0x0000002a,0x0000002b"
0x013FABE0,1061,1,0,1,0x00000004
0x014C7460,1061,1,0,1,0x00000019
0x01297F70,1029,1,0,1,0x0000000f
0x008B7A10,1016,2,3,2,"0x00000029,0x0000002a"
0x015A9E00,546,1,0,3,0x00000010
0x01083A10,544,1,0,1,0x00000007
0x0151B5E0,484,1,0,1,0x00000012
0x014E38D0,468,1,0,1,0x00000011
0x01051CC0,458,1,0,1,0x0000000d
0x01124B10,443,1,1,6,0x0000000e
0x01546C50,375,1,0,1,0x0000001a
0x01386720,302,1,0,1,0x00000018
0x011309F0,292,1,0,1,0x0000000e
0x010A7F70,269,1,0,1,0x0000000d
0x0122D620,187,1,0,1,0x00000006
0x014C0AE0,122,1,0,1,0x00000012
