entity_ptr,gobj_ptr,event_count
0x015797C0,0x00830974,149
0x008D8700,0x00832DC8,3451
0x008CEF80,0x00840934,29369
0x011CE410,0x00831C58,5474
0x011CE410,0x0083350C,1934
0x0148A140,0x00832228,6180
0x008B7A10,0x0083AAC0,1013
0x008B27D0,0x0083B7D4,1081
0x0148A140,0x00831F40,5364
0x0148A140,0x008320B4,2875
0x008D8700,0x00832F3C,4602
0x008B7090,0x0083C7D0,2928
0x008D8700,0x00835DBC,67
0x008B1970,0x008471D4,1554
0x011CE410,0x00831DCC,4290
0x01524EA0,0x00833968,735
0x008B85E0,0x008310B8,7
0x01279BA0,0x0083DC28,1246
0x01279BA0,0x00831514,3
0x01389C60,0x00832AE0,213
0x0113C8D0,0x0083D4E4,14486
0x008BC380,0x00832510,8784
0x01389C60,0x008327F8,169
0x008D8700,0x008330B0,11928
0x00D52570,0x00839DAC,4073
0x011CE410,0x00837C40,9626
0x011CE410,0x00833224,10247
0x01358200,0x008407C0,15497
0x01389C60,0x00833680,614
0x01524EA0,0x008337F4,711
0x014D88A0,0x00833ADC,399
0x014D88A0,0x00833C50,3239
0x014D88A0,0x00833DC4,5697
0x014D88A0,0x00833F38,3519
0x014B87C0,0x008340AC,3244
0x014B87C0,0x00834394,354
0x01389C60,0x00834508,767
0x0142D7D0,0x0083467C,726
0x0125FD20,0x0083D658,9585
0x008BEDC0,0x00832684,51
0x008C2A60,0x00834F34,1853
0x008C2A60,0x008350A8,2387
0x008D8700,0x00832C54,2991
0x015797C0,0x00840C1C,223155
0x0148A140,0x008347F0,13296
0x01389C60,0x00837ACC,5356
0x015235E0,0x0083F650,66370
0x008C2A60,0x00836AD0,41
0x008BC380,0x00836C44,35
0x014AE950,0x00837670,38
0x015797C0,0x00837DB4,3885
0x011CE410,0x008317FC,171
0x011CE410,0x00831970,3461
0x011CE410,0x00831AE4,5058
0x008BC380,0x0083239C,3232
0x011672B0,0x00841078,28046
0x008BC380,0x008370A0,28
0x008BC380,0x00837214,23
0x0142D7D0,0x0083920C,3822
0x014B2510,0x00839380,3501
0x0148A140,0x00834964,18193
0x014F9FD0,0x00834AD8,12674
0x008C2A60,0x00834DC0,49
0x008D8700,0x0083521C,3592
0x014F9FD0,0x00835390,4775
0x0142D7D0,0x00845350,36503
0x0142D7D0,0x0083866C,35
0x0142D7D0,0x008387E0,15
0x0142D7D0,0x00838954,18
0x014AE950,0x00841360,34143
0x011CE410,0x00833398,4938
0x014A76E0,0x00839950,5298
0x01474B70,0x00839AC4,6274
0x014ADC80,0x00835F30,1196
0x01358190,0x008457AC,32021
0x0151B5E0,0x008360A4,1473
0x010B3E50,0x0083CAB8,35016
0x01524EA0,0x00836218,1511
0x014B87C0,0x00834220,468
0x014F9FD0,0x00834C4C,1210
0x014C7460,0x00835504,1583
0x008C2A60,0x00835678,16
0x013AB080,0x008357EC,24
0x011993B0,0x0083D370,3704
0x01524EA0,0x0083638C,1759
0x010E6F00,0x0083C944,1202
0x008BC5B0,0x0083B948,427495
0x0154D7D0,0x00836500,2772
0x008D8700,0x00836674,8309
0x015A31E0,0x0083F1F4,30722
0x008D8700,0x00835C48,36
0x015A31E0,0x008377E4,6318
0x008BC380,0x00837958,5674
0x008D8700,0x00835AD4,290
0x01524EA0,0x0083F368,63729
0x01389C60,0x0083296C,110
0x013B3830,0x008367E8,5285
0x01389C60,0x00836DB8,17
0x0154D7D0,0x0083F080,10284
0x013B3830,0x0084007C,27432
0x0148DB20,0x00838C3C,2
0x0148DB20,0x00839668,3385
0x0145AFB0,0x008397DC,6135
0x0148DB20,0x0084805C,60869
0x008C2A60,0x00837388,2625
0x015797C0,0x008374FC,3519
0x015797C0,0x00837F28,506
0x01389C60,0x0083809C,5
0x014A76E0,0x0084AA80,50887
0x008C2A60,0x00835960,22
0x008BC380,0x00836F2C,17
0x014475D0,0x0083E36C,26522
0x014A76E0,0x0084A90C,4023
0x01415210,0x0083E1F8,13926
0x01474B70,0x0084A798,2820
0x00CFC560,0x0083B4EC,2575
0x014ADC80,0x0083FF08,18113
0x0142D7D0,0x008451DC,25428
0x011CE410,0x00840F04,3803
0x008D8700,0x008401F0,145103
0x008C2A60,0x008411EC,35353
0x008C2A60,0x0083695C,5
0x013B8590,0x0083D088,5735
0x014F9FD0,0x0083D1FC,13523
