from_ws,to_ws,cycle,delta_cycles
0x00000001,0x00000039,31069196218,0
0x00000039,0x00000001,33017406390,1948210172
0x00000001,0x00000039,53488419492,20471013102
0x00000039,0x00000001,54875735761,1387316269
0x00000001,0x00000039,89700477092,34824741331
0x00000039,0x00000001,112942967545,23242490453
0x00000001,0x00000039,13994568327,-98948399218
0x00000039,0x00000001,23810047876,9815479549
0x00000001,0x00000039,58629859677,34819811801
0x00000039,0x00000001,74748018123,16118158446
0x00000001,0x00000039,16902774410,-57845243713
0x00000039,0x00000001,21862098765,4959324355
0x00000001,0x00000029,27930095404,6067996639
0x00000029,0x0000002a,29941165184,2011069780
0x0000002a,0x0000002b,31774805387,1833640203
0x0000002b,0x0000002d,43851272613,12076467226
0x0000002d,0x00000028,49063646407,5212373794
0x00000028,0x00000003,51254922352,2191275945
0x00000003,0x00000005,67422532954,16167610602
0x00000005,0x00000004,77448453367,10025920413
0x00000004,0x00000005,142707753334,65259299967
0x00000005,0x00000004,149010085153,6302331819
0x00000004,0x00000006,212793712217,63783627064
0x00000006,0x00000007,276813559514,64019847297
0x00000007,0x00000006,317469467105,40655907591
0x00000006,0x00000008,322142154819,4672687714
0x00000008,0x00000009,753592328346,431450173527
0x00000009,0x0000000a,771731638148,18139309802
0x0000000a,0x00000009,809893253780,38161615632
0x00000009,0x00000008,842829923961,32936670181
0x00000008,0x00000009,869269987660,26440063699
0x00000009,0x00000008,920996644947,51726657287
0x00000008,0x00000009,934916619573,13919974626
0x00000009,0x00000008,1091181027132,156264407559
0x00000008,0x00000009,1102498410377,11317383245
0x00000009,0x00000008,1127449826376,24951415999
0x00000008,0x00000009,1141231791353,13781964977
0x00000009,0x00000008,1159223214128,17991422775
0x00000008,0x00000009,1167760566454,8537352326
0x00000009,0x00000008,1234028258861,66267692407
0x00000008,0x00000009,1243452838924,9424580063
0x00000009,0x00000008,1261256962419,17804123495
0x00000008,0x00000009,1269823879461,8566917042
0x00000009,0x0000000a,1283615659585,13791780124
0x0000000a,0x00000009,1314077914947,30462255362
0x00000009,0x0000000a,1319539567075,5461652128
0x0000000a,0x00000009,1341208038912,21668471837
0x00000009,0x0000000a,1347231618453,6023579541
0x0000000a,0x00000009,1370191534318,22959915865
0x00000009,0x0000000a,1375150418683,4958884365
0x0000000a,0x0000000b,1388409745146,13259326463
0x0000000b,0x0000000a,1512614859354,124205114208
0x0000000a,0x0000000b,1560831980567,48217121213
0x0000000b,0x0000000a,1641946284710,81114304143
0x0000000a,0x0000000d,1668386377614,26440092904
0x0000000d,0x0000000b,1698602192897,30215815283
0x0000000b,0x0000000a,1750525954071,51923761174
0x0000000a,0x0000000d,1786952537106,36426583035
0x0000000d,0x0000000e,1909393057261,122440520155
0x0000000e,0x0000000d,1919054158213,9661100952
0x0000000d,0x0000000e,1964451836172,45397677959
0x0000000e,0x0000000d,1973383421100,8931584928
0x0000000d,0x0000000e,2054527415673,81143994573
0x0000000e,0x0000000d,2067796700614,13269284941
0x0000000d,0x0000000e,2070764050177,2967349563
0x0000000e,0x0000000f,2154895064623,84131014446
0x0000000f,0x00000010,6111980016391,3957084951768
0x00000010,0x00000011,6346253643446,234273627055
0x00000011,0x00000010,6395348268955,49094625509
0x00000010,0x00000011,6399202751449,3854482494
0x00000011,0x00000010,6610940154095,211737402646
0x00000010,0x00000011,6660369645871,49429491776
0x00000011,0x00000010,6865344272752,204974626881
0x00000010,0x00000011,6892750244997,27405972245
0x00000011,0x0000000a,6948962630568,56212385571
0x0000000a,0x00000012,6955932317867,6969687299
0x00000012,0x00000013,7008841949417,52909631550
0x00000013,0x00000014,7080975532433,72133583016
0x00000014,0x00000001,1597537930,-7079377994503
0x00000001,0x00000013,7655663658,6058125728
0x00000013,0x00000014,13551330120,5895666462
0x00000014,0x00000013,85941062386,72389732266
0x00000013,0x00000014,90120997443,4179935057
0x00000014,0x00000015,158863160287,68742162844
0x00000015,0x00000014,181260969901,22397809614
0x00000014,0x00000015,189680253686,8419283785
0x00000015,0x00000014,202318361538,12638107852
0x00000014,0x00000013,218022986981,15704625443
0x00000013,0x00000014,441412800514,223389813533
0x00000014,0x00000015,461001300279,19588499765
0x00000015,0x00000014,473215465333,12214165054
0x00000014,0x00000015,473945294302,729828969
0x00000015,0x00000014,475857501759,1912207457
0x00000014,0x00000015,476597183254,739681495
0x00000015,0x00000014,479741681472,3144498218
0x00000014,0x00000015,480481372506,739691034
0x00000015,0x00000014,484473677927,3992305421
0x00000014,0x00000015,485203508242,729830315
0x00000015,0x00000014,487874804695,2671296453
0x00000014,0x00000015,533450180182,45575375487
0x00000015,0x00000014,544077157161,10626976979
0x00000014,0x00000015,544816839676,739682515
0x00000015,0x00000014,546817775125,2000935449
0x00000014,0x00000015,547557458511,739683386
0x00000015,0x00000014,549361225781,1803767270
0x00000014,0x00000015,609763526923,60402301142
0x00000015,0x00000014,614238875775,4475348852
0x00000014,0x00000013,624077819439,9838943664
0x00000013,0x00000015,663560441325,39482621886
0x00000015,0x00000014,713226420646,49665979321
0x00000014,0x00000015,730321028155,17094607509
0x00000015,0x00000014,743511216097,13190187942
0x00000014,0x00000013,747868862588,4357646491
0x00000013,0x00000015,839511936951,91643074363
0x00000015,0x00000032,842597272246,3085335295
0x00000032,0x00000013,850848641827,8251369581
0x00000013,0x00000012,869027742688,18179100861
0x00000012,0x00000013,887837361356,18809618668
0x00000013,0x00000012,890942814915,3105453559
0x00000012,0x0000000a,984409563888,93466748973
0x0000000a,0x00000011,988905004566,4495440678
0x00000011,0x0000000a,1003870092663,14965088097
0x0000000a,0x00000012,1009144161248,5274068585
0x00000012,0x0000000a,1030398685435,21254524187
0x0000000a,0x00000012,1039143067924,8744382489
0x00000012,0x0000000a,1052737660633,13594592709
0x0000000a,0x00000009,1117447791702,64710131069
0x00000009,0x0000000a,1139234836019,21787044317
0x0000000a,0x00000016,1228413179032,89178343013
0x00000016,0x00000017,2339880885107,1111467706075
0x00000017,0x00000016,2455568425313,115687540206
0x00000016,0x00000017,2477325714145,21757288832
0x00000017,0x00000016,2542390745486,65065031341
0x00000016,0x00000017,2588143217561,45752472075
0x00000017,0x0000000a,2603315240901,15172023340
0x0000000a,0x00000016,2607357219583,4041978682
0x00000016,0x00000017,2763739873163,156382653580
0x00000017,0x00000016,2823087040898,59347167735
0x00000016,0x00000017,2874705218758,51618177860
0x00000017,0x00000016,2922971659582,48266440824
0x00000016,0x00000018,2971504220871,48532561289
0x00000018,0x00000019,2993616283486,22112062615
0x00000019,0x00000018,3081355593832,87739310346
0x00000018,0x00000019,3095995059460,14639465628
0x00000019,0x0000001a,3115179520652,19184461192
