object_file,pal_start,pal_end,size,function_count
main.o,0x00101C80,0x00102648,2504,5
sampleMode.o,0x00102648,0x001028F8,688,5
delayFreeManager.o,0x001028F8,0x00102B2C,564,3
geometryManager.o,0x00102B30,0x00104D64,8756,45
keyInput.o,0x00104D68,0x001050C0,856,2
matrixDrive.o,0x001050C0,0x0010625C,4508,37
motionManager2.o,0x00106260,0x0010B484,21028,76
pool.o,0x0010B488,0x0010DB40,9912,14
quaternion.o,0x0010DB40,0x0010F0B0,5488,45
tableSin.o,0x0010F0B0,0x0010F3AC,764,6
DisplayP2O.o,0x0010F3B0,0x0010F440,144,11
FileManager.o,0x0010F440,0x0010FD3C,2300,2
GifPacket.o,0x0010FD40,0x00112A30,11504,38
GsBase.o,0x00112A30,0x001157BC,11660,18
Light.o,0x001157C0,0x00118140,10624,8
Matrix.o,0x00118140,0x00119308,4552,62
MicroCode.o,0x00119308,0x001197C4,1212,4
Packet.o,0x001197C8,0x0011C7B8,12272,5
Primitive.o,0x0011C7B8,0x0011EE88,9936,12
RegistPacket.o,0x0011EE88,0x00122F48,16576,9
Shadow.o,0x00122F48,0x00128A64,23324,11
StageAnimation.o,0x00128A68,0x0012B164,9980,23
Texture.o,0x0012B168,0x001304E8,21376,22
ZFog.o,0x001304E8,0x00131588,4256,3
cdvd.o,0x00131588,0x00133734,8620,25
inflate.o,0x00133738,0x00135C70,9528,3
ios.o,0x00135C70,0x0013607C,1036,2
mblock.o,0x00136080,0x0013639C,796,4
mcard.o,0x001363A0,0x00138630,8848,18
mcdata.o,0x00138630,0x0013890C,732,2
memory.o,0x00138910,0x0013A11C,6156,12
message.o,0x0013A120,0x0013A768,1608,7
pad.o,0x0013A768,0x0013BA80,4888,20
shockdriver.o,0x0013BA80,0x0013D03C,5564,38
thread.o,0x0013D040,0x0013DC88,3144,23
gobj.o,0x0013DC88,0x0013ECAC,4132,23
gobj_dl.o,0x0013ECB0,0x0013F2E8,1592,10
gobj_process.o,0x0013F2E8,0x0013F898,1456,16
isys.o,0x0013F898,0x0013F8A0,8,1
obj_manager.o,0x0013F8A0,0x00140030,1936,13
s_init.o,0x00140030,0x00143650,13856,40
soundManager.o,0x00143650,0x001437A4,340,92
boyact.o,0x0014B8B8,0x00153618,32096,72
commonact.o,0x00153618,0x0015D8BC,41636,138
enemy_act.o,0x0015D8C0,0x00163F9C,26332,58
fieldCollision.o,0x00163FA0,0x0016814C,16812,47
fuzio.o,0x00168150,0x00168568,1048,8
girl_act.o,0x00168568,0x00173E7C,47380,60
jimaku.o,0x00173E80,0x00174A5C,3036,8
way_sys.o,0x00174A60,0x001765E4,7044,6
way_util.o,0x001765E8,0x00178D5C,10100,39
gflag.o,0x00178D60,0x00178F08,424,6
script.o,0x00178F08,0x0017C3CC,13508,89
st25a.o,0x0017C3D0,0x0017E124,7508,20
warpGirl.o,0x0017E128,0x0017E4A8,896,3
attackhit.o,0x0017E4A8,0x0017F418,3952,5
brain.o,0x0017F418,0x0018008C,3188,107
chain.o,0x0018A2F8,0x0018E27C,16260,28
ebrain.o,0x0018E280,0x0018F3CC,4428,11
fightSound.o,0x0018F4C0,0x0018F7F4,820,6
generator.o,0x0018F7F8,0x00191670,7800,33
gv.o,0x00191670,0x00192058,2536,36
act_bird.o,0x00192BD8,0x00194968,7568,12
gather_effect.o,0x00194968,0x00194DD4,1132,4
itou_boss.o,0x00194DD8,0x001959C0,3048,10
itou_gflag.o,0x001959C0,0x001959D8,24,3
itou_sub.o,0x001959D8,0x00195CF8,800,4
lightning.o,0x00195CF8,0x00196F48,4688,5
queen.o,0x00196F48,0x001991F8,8880,23
queen_barrier_disp.o,0x001991F8,0x00199C98,2720,4
stage_orient.o,0x00199C98,0x00199EB8,544,2
mv_main.o,0x00199EB8,0x0019A868,2480,4
mv_readbuf.o,0x0019A868,0x0019AA0C,420,6
mv_strfile.o,0x0019AA10,0x0019AA84,116,3
mv_videodec.o,0x0019AA88,0x0019B1F0,1896,9
mv_vobuf.o,0x0019B1F0,0x0019B4E8,760,8
DObj.o,0x0019B4E8,0x0019C3F8,3856,4
StageManager.o,0x0019C3F8,0x0019CF28,2864,8
backStage.o,0x0019CF28,0x0019DE70,3912,8
charFileManager.o,0x0019DE70,0x0019FBB4,7492,21
debug.o,0x0019FBB8,0x001A7DEC,33332,59
debug_exception.o,0x001A7DF0,0x001AA4BC,9932,17
debug_menu.o,0x001AA4C0,0x001AA674,436,2
gamesys.o,0x001AA678,0x001AB4B8,3648,19
haveParentSimpleObj.o,0x001AB4B8,0x001AB4D0,24,3
icoMisc.o,0x001AB4D0,0x001AC610,4416,4
kanban.o,0x001AC610,0x001AD150,2880,7
kanbanBoot.o,0x001AD150,0x001AD4CC,892,3
layout_action.o,0x001AD4D0,0x001B24EC,20508,57
layout_texture.o,0x001B24F0,0x001B3B40,5712,13
sceneManager.o,0x001B3B40,0x001B4A48,3848,9
staffroll.o,0x001B4A48,0x001B4FB0,1384,3
a_p_1.o,0x001B4FB0,0x001B7240,8848,11
act_a_p_1.o,0x001B7240,0x001B8150,3856,12
actressLight.o,0x001B8150,0x001B8214,196,1
attackCheckBoundary.o,0x001B8218,0x001B8938,1824,12
box.o,0x001B8938,0x001BD940,20488,44
boy.o,0x001BD940,0x001BE790,3664,8
cage.o,0x001BE790,0x001BF4E0,3408,9
cageFix.o,0x001BF4E0,0x001BF5B0,208,3
candle.o,0x001BF5B0,0x001BF994,996,5
chandelier.o,0x001BF998,0x001BFA80,232,3
clipCollisionManager.o,0x001BFA80,0x001BFD38,696,2
clothAnimation.o,0x001BFD38,0x001C5894,23388,34
clothTest.o,0x001C5898,0x001C58F8,96,3
darkVolume.o,0x001C58F8,0x001C8444,11084,11
effectTool.o,0x001C8448,0x001C9B80,5944,1
enemy.o,0x001C9B80,0x001CB370,6128,29
enemyParts.o,0x001CB370,0x001CC138,3528,11
flag.o,0x001CC138,0x001CC97C,2116,3
flyManager.o,0x001CC980,0x001CCB34,436,5
frameDependSequence.o,0x001CCB38,0x001CDBE8,4272,7
girl.o,0x001CDBE8,0x001CE25C,1652,5
girlForceField.o,0x001CE260,0x001CE430,464,3
handManager.o,0x001CE430,0x001CEC64,2100,1
item.o,0x001CEC68,0x001D0954,7404,18
lineManager.o,0x001D0958,0x001D126C,2324,7
lodManager.o,0x001D1270,0x001D12FC,140,1
motionFileManager.o,0x001D1300,0x001D15B8,696,7
motionManager.o,0x001D15B8,0x001DD354,48540,12
motionOrientManager.o,0x001DD358,0x001E0F44,15340,16
motionViewer.o,0x001E0F48,0x001E2D60,7704,2
moveColTest.o,0x001E2D60,0x001E2FAC,588,3
multiBgaManager.o,0x001E2FB0,0x001E3340,912,6
particleEffect.o,0x001E3340,0x001E5460,8480,19
particleLayout.o,0x001E5460,0x001E54F0,144,4
rope.o,0x001E54F0,0x001E5E40,2384,7
ropeFix.o,0x001E5E40,0x001E5ED0,144,3
rotObject.o,0x001E5ED0,0x001E6628,1880,13
spider.o,0x001E6628,0x001E7904,4828,16
spiderGroupManager.o,0x001E7908,0x001E7F98,1680,7
stageMultiBgaManager.o,0x001E7F98,0x001E824C,692,4
staticBlur.o,0x001E8250,0x001EBB38,14568,17
stormTest.o,0x001EBB38,0x001EC6DC,2980,8
streamMotionManager.o,0x001EC6E0,0x001ED394,3252,13
sugiTree.o,0x001ED398,0x001ED89C,1284,5
torch.o,0x001ED8A0,0x001EE1B8,2328,12
waySystemManager.o,0x001EE1B8,0x001EE2A0,232,2
weapon.o,0x001EE2A0,0x001F03F8,8536,28
windField.o,0x001F03F8,0x001F0F00,2824,10
windManager.o,0x001F0F00,0x001F1290,912,5
wireLetter.o,0x001F1290,0x001F1618,904,5
worm.o,0x001F1618,0x001F2B34,5404,8
Basic.o,0x001F2B38,0x001F2D3C,516,10
BgAnimation.o,0x001F2D40,0x001F6618,14552,20
DisplayFont.o,0x001F6618,0x001F702C,2580,5
DisplayList.o,0x001F7030,0x001F76B0,1664,11
DmaPacket.o,0x001F76B0,0x001F77B0,256,3
EnemyInit.o,0x001F77B0,0x001F7B30,896,2
gobj_cam_dl.o,0x001F7B30,0x001F8084,1364,10
adpcm_init.o,0x001F8088,0x001F8F78,3824,30
act.o,0x001FE388,0x00200318,8080,18
act2.o,0x00200318,0x002004A0,392,2
seMail.o,0x002004A0,0x002006E8,584,2
way_kidnap.o,0x002006E8,0x00201604,3868,9
way_llf.o,0x00201608,0x00201E80,2168,25
way_tool.o,0x00201E80,0x002034F4,5748,3
deja.o,0x002034F8,0x00203DC0,2248,6
e3.o,0x00203DC0,0x00206AC4,11524,41
end.o,0x00206AC8,0x00209C18,12624,52
op.o,0x00209C18,0x0020BD68,8528,15
st00a.o,0x0020BD68,0x0020CFD4,4716,22
st01b.o,0x0020CFD8,0x0020D9B8,2528,18
st02a.o,0x0020D9B8,0x0020F1B4,6140,36
st03t.o,0x0020F1B8,0x002102D8,4384,21
st04a.o,0x002102D8,0x002143A4,16588,30
st04b.o,0x002143A8,0x00214CD0,2344,14
st04c.o,0x00214CD0,0x002155B0,2272,16
st04d.o,0x002155B0,0x002160BC,2828,12
st04e.o,0x002160C0,0x00216330,624,5
st04l.o,0x00216330,0x0021B2E4,20404,115
st04r.o,0x0021B2E8,0x0021FA6C,18308,104
st05b.o,0x0021FA70,0x002200F0,1664,9
st05c.o,0x002200F0,0x00220A70,2432,14
st05d.o,0x00220A70,0x00221218,1960,10
st05e.o,0x00221218,0x00221660,1096,7
st06a.o,0x00221660,0x00223524,7876,44
st07a.o,0x00223528,0x00225364,7740,32
st08a.o,0x00225368,0x00225C60,2296,16
st08b.o,0x00225C60,0x00226AF0,3728,16
st09a.o,0x00226AF0,0x00227268,1912,14
st10l.o,0x00227268,0x00228998,5936,37
st10r.o,0x00228998,0x00229E80,5352,28
st13a.o,0x00229E80,0x0022A9B0,2864,15
st13b.o,0x0022A9B0,0x0022CAE4,8500,32
st13b2.o,0x0022CAE8,0x0022CB18,48,1
st13c.o,0x0022CB18,0x0022F80C,11508,42
st13d.o,0x0022F810,0x0022FA98,648,4
st17a.o,0x0022FA98,0x00230944,3756,17
st17b.o,0x00230948,0x00230B68,544,5
st18a.o,0x00230B68,0x00231D3C,4564,21
st19a.o,0x00231D40,0x00232B58,3608,18
st20a.o,0x00232B58,0x00233CCC,4468,24
st22a.o,0x00233CD0,0x002342A0,1488,4
st24a.o,0x002342A0,0x00234528,648,3
st47a.o,0x00234528,0x00235D10,6120,41
st99a.o,0x00235D10,0x00236408,1784,16
stageSEProc.o,0x00236408,0x00238100,7416,47
access.o,0x00238100,0x002381F4,244,2
lws_kyomi.o,0x002381F8,0x00238334,316,3
objact.o,0x00238338,0x00238574,572,5
mv_audiodec.o,0x00238578,0x00239084,2828,9
mv_disp.o,0x00239088,0x0023A464,5084,34
mv_sub.o,0x0023A468,0x0023A5B0,328,2
mv_vibuf.o,0x0023A5B0,0x0023B7E4,4660,12
GobjProc.o,0x0023B7E8,0x0023BC4C,1124,8
PObj.o,0x0023BC50,0x0023C6A8,2648,3
vobj.o,0x0023C6A8,0x0023C7AC,260,706
