symbol,pal_va,usa_va,match_method,confidence
_start,0x00100008,0x00100008,op_seq_hash,0.95
RFU000_FullReset,0x00100100,0x00100100,raw_sha1,1.00
ResetEE,0x00100110,0x00100110,raw_sha1,1.00
SetGsCrt,0x00100120,0x00100120,raw_sha1,1.00
RFU003,0x00100130,0x00100130,raw_sha1,1.00
Exit,0x00100140,0x00100140,raw_sha1,1.00
RFU005,0x00100150,0x00100150,raw_sha1,1.00
LoadExecPS2,0x00100160,0x00100160,raw_sha1,1.00
ExecPS2,0x00100170,0x00100170,raw_sha1,1.00
RFU008,0x00100180,0x00100180,raw_sha1,1.00
RFU009,0x00100190,0x00100190,raw_sha1,1.00
AddSbusIntcHandler,0x001001A0,0x001001A0,raw_sha1,1.00
RemoveSbusIntcHandler,0x001001B0,0x001001B0,raw_sha1,1.00
Interrupt2Iop,0x001001C0,0x001001C0,raw_sha1,1.00
SetVTLBRefillHandler,0x001001D0,0x001001D0,raw_sha1,1.00
SetVCommonHandler,0x001001E0,0x001001E0,raw_sha1,1.00
SetVInterruptHandler,0x001001F0,0x001001F0,raw_sha1,1.00
AddIntcHandler,0x00100200,0x00100200,raw_sha1,1.00
AddIntcHandler2,0x00100210,0x00100200,raw_sha1,1.00
RemoveIntcHandler,0x00100220,0x00100220,raw_sha1,1.00
AddDmacHandler,0x00100230,0x00100230,raw_sha1,1.00
AddDmacHandler2,0x00100240,0x00100230,raw_sha1,1.00
RemoveDmacHandler,0x00100250,0x00100250,raw_sha1,1.00
_EnableIntc,0x00100260,0x00100260,raw_sha1,1.00
_DisableIntc,0x00100270,0x00100270,raw_sha1,1.00
_EnableDmac,0x00100280,0x00100280,raw_sha1,1.00
_DisableDmac,0x00100290,0x00100290,raw_sha1,1.00
SetAlarm,0x001002A0,0x001002A0,raw_sha1,1.00
ReleaseAlarm,0x001002B0,0x001002B0,raw_sha1,1.00
_iEnableIntc,0x001002C0,0x001002C0,raw_sha1,1.00
_iDisableIntc,0x001002D0,0x001002D0,raw_sha1,1.00
_iEnableDmac,0x001002E0,0x001002E0,raw_sha1,1.00
_iDisableDmac,0x001002F0,0x001002F0,raw_sha1,1.00
iSetAlarm,0x00100300,0x00100300,raw_sha1,1.00
iReleaseAlarm,0x00100310,0x00100310,raw_sha1,1.00
CreateThread,0x00100320,0x00100320,raw_sha1,1.00
DeleteThread,0x00100330,0x00100330,raw_sha1,1.00
StartThread,0x00100340,0x00100340,raw_sha1,1.00
ExitThread,0x00100350,0x00100350,raw_sha1,1.00
ExitDeleteThread,0x00100360,0x00100360,raw_sha1,1.00
TerminateThread,0x00100370,0x00100370,raw_sha1,1.00
iTerminateThread,0x00100380,0x00100380,raw_sha1,1.00
DisableDispatchThread,0x00100390,0x00100390,raw_sha1,1.00
EnableDispatchThread,0x001003A0,0x001003A0,raw_sha1,1.00
ChangeThreadPriority,0x001003B0,0x001003B0,raw_sha1,1.00
iChangeThreadPriority,0x001003C0,0x001003C0,raw_sha1,1.00
RotateThreadReadyQueue,0x001003D0,0x001003D0,raw_sha1,1.00
_iRotateThreadReadyQueue,0x001003E0,0x001003E0,raw_sha1,1.00
ReleaseWaitThread,0x001003F0,0x001003F0,raw_sha1,1.00
iReleaseWaitThread,0x00100400,0x00100400,raw_sha1,1.00
GetThreadId,0x00100410,0x00100410,raw_sha1,1.00
ReferThreadStatus,0x00100420,0x00100420,raw_sha1,1.00
iReferThreadStatus,0x00100430,0x00100430,raw_sha1,1.00
SleepThread,0x00100440,0x00100440,raw_sha1,1.00
WakeupThread,0x00100450,0x00100450,raw_sha1,1.00
_iWakeupThread,0x00100460,0x00100460,raw_sha1,1.00
CancelWakeupThread,0x00100470,0x00100470,raw_sha1,1.00
iCancelWakeupThread,0x00100480,0x00100480,raw_sha1,1.00
SuspendThread,0x00100490,0x00100490,raw_sha1,1.00
_iSuspendThread,0x001004A0,0x001004A0,raw_sha1,1.00
ResumeThread,0x001004B0,0x001004B0,raw_sha1,1.00
iResumeThread,0x001004C0,0x001004C0,raw_sha1,1.00
JoinThread,0x001004D0,0x001004D0,raw_sha1,1.00
RFU060,0x001004E0,0x001004E0,raw_sha1,1.00
RFU061,0x001004F0,0x001004F0,raw_sha1,1.00
EndOfHeap,0x00100500,0x00100500,raw_sha1,1.00
RFU063,0x00100510,0x00100510,raw_sha1,1.00
CreateSema,0x00100520,0x00100520,raw_sha1,1.00
DeleteSema,0x00100530,0x00100530,raw_sha1,1.00
SignalSema,0x00100540,0x00100540,raw_sha1,1.00
iSignalSema,0x00100550,0x00100550,raw_sha1,1.00
WaitSema,0x00100560,0x00100560,raw_sha1,1.00
PollSema,0x00100570,0x00100570,raw_sha1,1.00
iPollSema,0x00100580,0x00100580,raw_sha1,1.00
ReferSemaStatus,0x00100590,0x00100590,raw_sha1,1.00
iReferSemaStatus,0x001005A0,0x001005A0,raw_sha1,1.00
RFU073,0x001005B0,0x001005B0,raw_sha1,1.00
SetOsdConfigParam,0x001005C0,0x001005C0,raw_sha1,1.00
GetOsdConfigParam,0x001005D0,0x001005D0,raw_sha1,1.00
GetGsHParam,0x001005E0,0x001005E0,raw_sha1,1.00
GetGsVParam,0x001005F0,0x001005F0,raw_sha1,1.00
SetGsHParam,0x00100600,0x00100600,raw_sha1,1.00
SetGsVParam,0x00100610,0x00100610,raw_sha1,1.00
RFU080_CreateEventFlag,0x00100620,0x00100620,raw_sha1,1.00
RFU081_DeleteEventFlag,0x00100630,0x00100630,raw_sha1,1.00
RFU082_SetEventFlag,0x00100640,0x00100640,raw_sha1,1.00
RFU083_iSetEventFlag,0x00100650,0x00100650,raw_sha1,1.00
RFU084_ClearEventFlag,0x00100660,0x00100660,raw_sha1,1.00
RFU085_iClearEventFlag,0x00100670,0x00100670,raw_sha1,1.00
RFU086_WaitEvnetFlag,0x00100680,0x00100680,raw_sha1,1.00
RFU087_PollEvnetFlag,0x00100690,0x00100690,raw_sha1,1.00
RFU088_iPollEvnetFlag,0x001006A0,0x001006A0,raw_sha1,1.00
RFU089_ReferEventFlagStatus,0x001006B0,0x001006B0,raw_sha1,1.00
RFU090_iReferEventFlagStatus,0x001006C0,0x001006C0,raw_sha1,1.00
RFU091,0x001006D0,0x001006D0,raw_sha1,1.00
EnableIntcHandler,0x001006E0,0x001006E0,raw_sha1,1.00
iEnableIntcHandler,0x001006F0,0x001006F0,raw_sha1,1.00
DisableIntcHandler,0x00100700,0x00100700,raw_sha1,1.00
iDisableIntcHandler,0x00100710,0x00100710,raw_sha1,1.00
EnableDmacHandler,0x00100720,0x00100720,raw_sha1,1.00
iEnableDmacHandler,0x00100730,0x00100730,raw_sha1,1.00
DisableDmacHandler,0x00100740,0x00100740,raw_sha1,1.00
iDisableDmacHandler,0x00100750,0x00100750,raw_sha1,1.00
KSeg0,0x00100760,0x00100760,raw_sha1,1.00
EnableCache,0x00100770,0x00100770,raw_sha1,1.00
DisableCache,0x00100780,0x00100780,raw_sha1,1.00
GetCop0,0x00100790,0x00100790,raw_sha1,1.00
FlushCache,0x001007A0,0x001007A0,raw_sha1,1.00
CpuConfig,0x001007B0,0x001007B0,raw_sha1,1.00
iGetCop0,0x001007C0,0x001007C0,raw_sha1,1.00
iFlushCache,0x001007D0,0x001007D0,raw_sha1,1.00
iCpuConfig,0x001007E0,0x001007E0,raw_sha1,1.00
sceSifStopDma,0x001007F0,0x001007F0,raw_sha1,1.00
SetCPUTimerHandler,0x00100800,0x00100800,raw_sha1,1.00
SetCPUTimer,0x00100810,0x00100810,raw_sha1,1.00
SetOsdConfigParam2,0x00100820,0x00100820,raw_sha1,1.00
GetOsdConfigParam2,0x00100830,0x00100830,raw_sha1,1.00
GsGetIMR,0x00100840,0x00100840,raw_sha1,1.00
iGsGetIMR,0x00100850,0x00100850,raw_sha1,1.00
GsPutIMR,0x00100860,0x00100860,raw_sha1,1.00
iGsPutIMR,0x00100870,0x00100870,raw_sha1,1.00
SetPgifHandler,0x00100880,0x00100880,raw_sha1,1.00
SetVSyncFlag,0x00100890,0x00100890,raw_sha1,1.00
RFU116,0x001008A0,0x001008A0,raw_sha1,1.00
_print,0x001008B0,0x001008B0,raw_sha1,1.00
sceSifDmaStat,0x001008C0,0x001008C0,raw_sha1,1.00
isceSifDmaStat,0x001008D0,0x001008D0,raw_sha1,1.00
sceSifSetDma,0x001008E0,0x001008E0,raw_sha1,1.00
isceSifSetDma,0x001008F0,0x001008F0,raw_sha1,1.00
sceSifSetDChain,0x00100900,0x00100900,raw_sha1,1.00
isceSifSetDChain,0x00100910,0x00100910,raw_sha1,1.00
sceSifSetReg,0x00100920,0x00100920,raw_sha1,1.00
sceSifGetReg,0x00100930,0x00100930,raw_sha1,1.00
ExecOSD,0x00100940,0x00100940,raw_sha1,1.00
Deci2Call,0x00100950,0x00100950,raw_sha1,1.00
PSMode,0x00100960,0x00100960,raw_sha1,1.00
MachineType,0x00100970,0x00100970,raw_sha1,1.00
GetMemorySize,0x00100980,0x00100980,raw_sha1,1.00
_InitSys,0x001009E0,0x001009E0,raw_sha1,1.00
DisableIntc,0x00100A08,0x00100A08,raw_sha1,1.00
EnableIntc,0x00100A70,0x00100A70,raw_sha1,1.00
DisableDmac,0x00100AD8,0x00100AD8,raw_sha1,1.00
EnableDmac,0x00100B40,0x00100B40,raw_sha1,1.00
iEnableIntc,0x00100BA8,0x00100BA8,raw_sha1,1.00
iDisableIntc,0x00100BC8,0x00100BC8,raw_sha1,1.00
iEnableDmac,0x00100BE8,0x00100BE8,raw_sha1,1.00
iDisableDmac,0x00100C08,0x00100C08,raw_sha1,1.00
InitAlarm,0x00100C90,0x00100C90,op_seq_hash,0.95
InitThread,0x00100E40,0x00100E40,op_seq_hash,0.95
iWakeupThread,0x00100F18,0x00100F18,op_seq_hash,0.95
iRotateThreadReadyQueue,0x00100FB0,0x00100FB0,op_seq_hash,0.95
iSuspendThread,0x00101030,0x00101030,op_seq_hash,0.95
_printf,0x001013E0,0x001013E0,op_seq_hash,0.95
kprintf,0x001019A8,0x001019A8,raw_sha1,1.00
scePrintf,0x001019E0,0x001019E0,op_seq_hash,0.95
sceDeci2Close,0x00101AE8,0x00101AE8,raw_sha1,1.00
sceDeci2Poll,0x00101B40,0x00101B40,raw_sha1,1.00
sceDeci2ExRecv,0x00101B68,0x00101B68,raw_sha1,1.00
sceDeci2ExSend,0x00101BA0,0x00101BA0,raw_sha1,1.00
sceDeci2ExLock,0x00101C08,0x00101C08,raw_sha1,1.00
sceDeci2ExUnLock,0x00101C30,0x00101C30,raw_sha1,1.00
kputs,0x00101C58,0x00101C58,raw_sha1,1.00
Emergency_DestroyAllThread,0x00102540,0x00100108,raw_sha1,1.00
GetInitialInverseMatrixByDObj,0x001032F0,0x001032A8,op_seq_hash,0.95
GetRootPosition,0x001046D8,0x00100108,raw_sha1,1.00
MatrixDrive_GetMatrix,0x00105448,0x00105400,op_seq_hash,0.95
MatrixDrive_SetTransposeMatrix,0x00106040,0x00100108,raw_sha1,1.00
GetOrientOfCliffOfGObj,0x00106C78,0x00106E38,op_seq_hash,0.95
GetFloatingShapeMotion,0x00109BB0,0x00109BB8,op_seq_hash,0.95
SetMotionBlendlessNode,0x0010A040,0x0010A048,op_seq_hash,0.95
DisableMotionOrientUpdate,0x0010A3E8,0x0010A3F0,op_seq_hash,0.95
SetQuaternionByAxisRotateV,0x0010E458,0x001019A0,raw_sha1,1.00
MultiMatrixByQuaternion,0x0010E6D0,0x0010E708,op_seq_hash,0.95
RotQuaternionEAX,0x0010E9F8,0x0010EA30,raw_sha1,1.00
gsb_InitGSSystem,0x001145D0,0x00114080,op_seq_hash,0.95
light_InitLight,0x00117F48,0x001049B4,raw_sha1,1.00
_ApplyCurrentMatrix,0x001188B0,0x001171E8,op_seq_hash,0.95
_UnitRotation,0x00118E90,0x001177C8,op_seq_hash,0.95
mc_TransMicroCode,0x00119678,0x00117CF0,op_seq_hash,0.95
stage_KillPlayBgAnimationIfOverMaxCount,0x0012B080,0x00129970,op_seq_hash,0.95
tex_TransTexture,0x0012D608,0x0012BBE8,op_seq_hash,0.95
iosCdvdHandlerReadInflate,0x001322E8,0x00130448,raw_sha1,1.00
iosMcUnformat,0x001380B0,0x00135EB8,op_seq_hash,0.95
iosMcGetBlockSaveInfo,0x00138338,0x00136140,op_seq_hash,0.95
iosMsgSetEvent,0x0013A398,0x00137F48,op_seq_hash,0.95
iosPadEnableGet,0x0013B770,0x001394E8,raw_sha1,1.00
iosPadActInit,0x0013B778,0x001394F0,op_seq_hash,0.95
ShockRequestBox_EndRequestFree,0x0013C720,0x0013A498,op_seq_hash,0.95
Init_ShockDriver,0x0013C948,0x0013A6C0,op_seq_hash,0.95
ShockDriver_VoiceSet_Remove,0x0013CA50,0x0013A7C8,op_seq_hash,0.95
isysGObjLinkObjDL,0x0013F030,0x00105288,raw_sha1,1.00
iosOmGetGObjStatus,0x0013FDB0,0x0013D9C8,raw_sha1,1.00
iosOmExeMail,0x0013FF48,0x0013DB60,op_seq_hash,0.95
soundBufSegFree,0x00140730,0x00100A68,raw_sha1,1.00
soundDataOpenSync,0x00140BE0,0x0013E7F8,op_seq_hash,0.95
soundSeEnvNotUseClose,0x00142388,0x001147C4,raw_sha1,1.00
sndInit,0x001436B0,0x001412C8,op_seq_hash,0.95
ACTGame_SetMotionPlaySpeedRatio_Clear,0x0014A6E8,0x00147F68,raw_sha1,1.00
ACTGame_SetMotionPlaySpeedRatio_Exec,0x0014A708,0x00147F88,raw_sha1,1.00
CorrectStickInfo,0x00152088,0x0014F0EC,op_seq_hash,0.95
afterBoyHand50,0x00152838,0x0014F890,op_seq_hash,0.95
funcCommonJumpDircorrect,0x001578F8,0x001009D8,raw_sha1,1.00
actCommonTurnStrict,0x0015C8C0,0x001586C8,op_seq_hash,0.95
motCommonRopejumpDircorrect,0x0015CC98,0x00158960,op_seq_hash,0.95
afterCommonBox,0x0015D768,0x00159400,op_seq_hash,0.95
actEnemyBodyslam,0x00162F98,0x0015E7F8,op_seq_hash,0.95
actEnemyFlagOnDead,0x001631F0,0x0015D5F0,op_seq_hash,0.95
EnemyBrainStatus_Boy,0x00163220,0x0015D5F0,op_seq_hash,0.95
actEnemyFlagCheckDead,0x00163250,0x0015EAB0,op_seq_hash,0.95
isEnemyHyde,0x00163F00,0x00100BC0,raw_sha1,1.00
MakeExitAttributeIndex,0x00165FD0,0x001613B0,op_seq_hash,0.95
ClipWallBoxStop,0x00166400,0x001617E0,raw_sha1,1.00
ClipWallAdjustPos,0x00166420,0x00161800,raw_sha1,1.00
ChangeFieldCollisionDebugMode,0x001665C8,0x001619A8,op_seq_hash,0.95
scpTriggerBallTargetMan,0x00179200,0x001024B0,raw_sha1,1.00
scpTriggerWallAttr,0x0017AFC8,0x00174D78,op_seq_hash,0.95
debug_CameraEditor,0x00184730,0x0017D7F0,op_seq_hash,0.95
CameraEdit_reset_pin,0x001848E0,0x0017DA98,op_seq_hash,0.95
CameraGetOtherObjOffset,0x00189F40,0x0010A78C,raw_sha1,1.00
GetChainLength,0x0018DDA8,0x00186650,op_seq_hash,0.95
IsEnableCallEnemy,0x001910E8,0x00189600,op_seq_hash,0.95
_InterGV,0x00191670,0x00189B88,op_seq_hash,0.95
_FrontGV,0x00191E90,0x0018A4B0,op_seq_hash,0.95
IsPointIsInScreen,0x00192B60,0x0010A4E4,op_seq_hash,0.95
bossCtrlBeforeFunc,0x00194E70,0x0018CEF8,raw_sha1,1.00
StageOrientGet,0x00199D88,0x00191948,op_seq_hash,0.95
stgmgrNextStagePreLoadForceStageSet,0x0019CE98,0x001009D8,raw_sha1,1.00
ReadSoundHdFile,0x0019F160,0x001963A8,raw_sha1,1.00
debug_Printf2,0x001A3568,0x00197008,op_seq_hash,0.95
debug_PrintFontWindow,0x001A35D8,0x0019A7E8,op_seq_hash,0.95
debug_ClearFontWindow,0x001A69A0,0x0019DB70,op_seq_hash,0.95
debug_ResizeFontWindowHeight,0x001A69D8,0x0019DBA8,op_seq_hash,0.95
debug_DispVu1IReg,0x001A6B78,0x0019DD48,op_seq_hash,0.95
debugSceClose,0x001A7008,0x0019E1D8,op_seq_hash,0.95
gsResetFunc,0x001A7118,0x00100BC0,raw_sha1,1.00
debug_AdpcmTest,0x001A7A80,0x0019EC50,op_seq_hash,0.95
la_load_game_memory_card_check,0x001AE950,0x00107268,raw_sha1,1.00
la_save_processing,0x001B0990,0x001A7F20,op_seq_hash,0.95
lt_prev_layout,0x001B39A8,0x001AAF20,raw_sha1,1.00
test_nextstage_firstwalk_set,0x001B49A0,0x001ABEB8,op_seq_hash,0.95
AP1JumpReq,0x001B6F80,0x001AE3B0,op_seq_hash,0.95
AttackCheckBoundaryManagerGeo,0x001B8668,0x001AFAC8,op_seq_hash,0.95
AttackCheckBoundaryGeo,0x001B8730,0x00100108,raw_sha1,1.00
InitBoyGeo,0x001BE188,0x001049B4,raw_sha1,1.00
CageGeo,0x001BEEA0,0x00100A68,raw_sha1,1.00
getCloth4D_planeClip,0x001C5770,0x00154CB8,raw_sha1,1.00
EnemySetfDisappear,0x001CADD8,0x001024B0,raw_sha1,1.00
SetEnemyWingRatio,0x001CB1E0,0x001C0F08,raw_sha1,1.00
GetEnemyDefLife,0x001CB250,0x001C11C0,op_seq_hash,0.95
SetGirlClothDispSwitch,0x001CE208,0x001C3C38,op_seq_hash,0.95
GirlForceFieldGeo,0x001CE260,0x001C3C90,op_seq_hash,0.95
CheckCarryableItem,0x001D0470,0x001C5988,op_seq_hash,0.95
ReviveAllCarryableItems,0x001D0508,0x001C5A20,op_seq_hash,0.95
ResetMotionProgramInterpInfo,0x001DCF90,0x001D13A8,op_seq_hash,0.95
ForTest_ForceShiftMotion,0x001DE978,0x001D26C8,op_seq_hash,0.95
EntryMultiBgaManagerSensitive,0x001E30D8,0x0010BA84,op_seq_hash,0.95
RestoreSpiderLayoutGeo,0x001E74D8,0x001DAC40,raw_sha1,1.00
GetAliveSpiders,0x001E77C8,0x001DAF30,op_seq_hash,0.95
GetStreamMotionData,0x001ECB00,0x001E00F8,op_seq_hash,0.95
WeaponHitEffect,0x001EF280,0x001E2848,op_seq_hash,0.95
DispWireString,0x001F13E8,0x001E4560,op_seq_hash,0.95
reallocseki,0x001F2D18,0x001E5E38,op_seq_hash,0.95
bga_InitData,0x001F2D78,0x001E5E98,op_seq_hash,0.95
bga_SetFrame,0x001F5080,0x001E8810,op_seq_hash,0.95
dl_Init,0x001F7030,0x00100D5C,raw_sha1,1.00
AdpcmVolumeSet,0x001F8BC8,0x001EB3A8,op_seq_hash,0.95
ACTWayMove_NextDetail,0x001FD938,0x001EFDA0,op_seq_hash,0.95
DeleteWayPoint,0x002019B8,0x001F3188,op_seq_hash,0.95
WayBridgeAll_begin,0x00201BC8,0x001F3390,op_seq_hash,0.95
actE3St13cIntro,0x00205F10,0x00100D5C,raw_sha1,1.00
actSt01bSekizo,0x0020D328,0x001FD158,op_seq_hash,0.95
actSt01bSekizoEvent,0x0020D838,0x001FD5B4,op_seq_hash,0.95
actSt02aFenceOpen,0x0020EB90,0x001FE834,op_seq_hash,0.95
actSt02aSecretItemChk,0x0020F168,0x0010798C,op_seq_hash,0.95
actSt04bEne1Chk,0x002146F0,0x00203A10,op_seq_hash,0.95
actSt04bDoorXL,0x00214858,0x0013C5AC,raw_sha1,1.00
actSt04cEne,0x00215158,0x00204538,op_seq_hash,0.95
actSt04dDoor2DownChk,0x00215BC8,0x00204FA8,op_seq_hash,0.95
actSt04eWaterMain,0x00216168,0x00205548,op_seq_hash,0.95
actSt04cInit,0x00216330,0x0013608C,raw_sha1,1.00
actSt04dInit,0x00216518,0x00100108,raw_sha1,1.00
actSt04lC3BallMain,0x0021AC30,0x00209C30,op_seq_hash,0.95
actSt04eSolarBeamChk,0x0021ACC0,0x00100A68,raw_sha1,1.00
actSt04lRope2Event,0x0021ADB0,0x00100A68,raw_sha1,1.00
actSt04lOri2Event,0x0021B070,0x0020A0A0,op_seq_hash,0.95
actSt04lTorch3_1Chk,0x0021B1C8,0x001009D8,raw_sha1,1.00
actSt05dInit,0x0021B528,0x0020A4C0,op_seq_hash,0.95
actSt05eInit,0x0021B818,0x00212AC8,op_seq_hash,0.95
actSt04rC1Ball,0x0021DE10,0x001009D8,raw_sha1,1.00
actSt04rBrg2,0x0021E150,0x0020C9B8,op_seq_hash,0.95
actSt04rBrg1Way,0x0021E1C8,0x0020CA30,op_seq_hash,0.95
actSt04rSekizo,0x0021E558,0x0020CEE0,op_seq_hash,0.95
actSt04rBarricade,0x0021E5F0,0x00100A68,raw_sha1,1.00
actSt05dEnemy1,0x00220EB0,0x00100A68,raw_sha1,1.00
actSt06aStatueChk,0x00221EB8,0x00210440,op_seq_hash,0.95
actSt06aHeadChk,0x00222020,0x00210738,op_seq_hash,0.95
actSt06aShutterSwitch,0x00222CF8,0x00209CC8,op_seq_hash,0.95
actSt06aWallWayOffChk,0x00223268,0x002116D0,op_seq_hash,0.95
actSt06aWallWay2OnChk,0x00223310,0x001049B4,raw_sha1,1.00
actSt07aEnd,0x002235F0,0x001019A0,raw_sha1,1.00
actSt07aIntro,0x002249D8,0x00212AC8,op_seq_hash,0.95
actSt10lSekizoEvent,0x00228828,0x001049B4,raw_sha1,1.00
actSt13aCheckChk,0x0022A820,0x00217DA8,op_seq_hash,0.95
actSt13bConte02,0x0022AC00,0x002182B0,op_seq_hash,0.95
actSt18aEnemy1_1,0x002314B8,0x0021D698,op_seq_hash,0.95
actSt19aOriDown,0x00231D40,0x0021DF18,op_seq_hash,0.95
actSt20aFence,0x00232FD0,0x00212AC8,op_seq_hash,0.95
actSt20aFenceDownChk2,0x00233360,0x00154CB8,raw_sha1,1.00
actSt47aEnemy2,0x00235408,0x0021B750,op_seq_hash,0.95
actSt47aHane2Girl,0x00235AD0,0x00100A68,raw_sha1,1.00
actWaveChk,0x00236240,0x00100D5C,raw_sha1,1.00
stageSE17astrong,0x00237AB8,0x00209C30,op_seq_hash,0.95
stageSE47anoise,0x00238070,0x00154CB8,raw_sha1,1.00
ObjAction_CorrectGeo,0x00238340,0x0021F350,op_seq_hash,0.95
ObjAction_Mail,0x002383C0,0x00100BC0,raw_sha1,1.00
audioDecSendToIOP,0x00238B78,0x00224708,op_seq_hash,0.95
dispDelete,0x00239C38,0x00225480,op_seq_hash,0.95
setTEST_1,0x0023A138,0x001009D8,raw_sha1,1.00
setSCISSOR_1,0x0023A1C8,0x00100BC0,raw_sha1,1.00
setBITBLTBUF,0x0023A390,0x00225308,op_seq_hash,0.95
viBufCreate,0x0023A5E8,0x00100A68,raw_sha1,1.00
AllocPObj,0x0023C078,0x00226D08,op_seq_hash,0.95
sceVu0ScaleVector,0x0023E7A0,0x001044FC,raw_sha1,1.00
sceVu0ITOF0Vector,0x0023E850,0x00228D18,op_seq_hash,0.95
sceVu0ClipAll,0x0023F190,0x00229588,op_seq_hash,0.95
sceDmaGetChan,0x0023F2B8,0x00100A68,raw_sha1,1.00
sceDmaPutEnv,0x0023F3D0,0x00209CC8,op_seq_hash,0.95
sceDmaRecvI,0x0023FA68,0x00100BC0,raw_sha1,1.00
sceDmaWatch,0x0023FC20,0x00229E48,op_seq_hash,0.95
sceSifGetSreg,0x002408D0,0x00209CC8,op_seq_hash,0.95
sceSifExitRpc,0x00241188,0x00100A68,raw_sha1,1.00
sceFsReset,0x00242718,0x0022BD58,op_seq_hash,0.95
sceLseek,0x00242B58,0x0022BFE8,op_seq_hash,0.95
sceRemove,0x00243990,0x0022CC88,op_seq_hash,0.95
sceFormat,0x00243B80,0x0022CD58,op_seq_hash,0.95
sceSifLoadModule,0x00245D50,0x0022EA78,op_seq_hash,0.95
_DumpTLB,0x00246360,0x0020A468,op_seq_hash,0.95
sceCdSearchFile,0x00247330,0x001049B4,raw_sha1,1.00
scePadSetActDirect,0x002496D0,0x00100A68,raw_sha1,1.00
scePadSetWarningLevel,0x00249CE0,0x001009D8,raw_sha1,1.00
_lmcGetClientPtr,0x00249F00,0x0021F470,op_seq_hash,0.95
sceMcGetSlotMax,0x00249FE8,0x00231AF8,op_seq_hash,0.95
sceMpegClearRefBuff,0x0024C770,0x00100A68,raw_sha1,1.00
sceMpegSetImageBuff,0x0024C8A0,0x00233DE8,op_seq_hash,0.95
_alalcSetDynamic,0x0024C938,0x0021EEF8,op_seq_hash,0.95
_getRef0,0x0024E488,0x00209CC8,op_seq_hash,0.95
_quantMatrixExtension,0x00251908,0x00238320,op_seq_hash,0.95
_updateRefImage,0x00251CF0,0x00210738,op_seq_hash,0.95
SgQuit,0x002570D8,0x001009D8,raw_sha1,1.00
SgSetBgmPanpot,0x00257FF8,0x0023E298,op_seq_hash,0.95
__kernel_cosf,0x0025A728,0x00240BD0,op_seq_hash,0.95
fptodp,0x0025EC78,0x00245120,op_seq_hash,0.95
fiprintf,0x0025ED28,0x002451D0,op_seq_hash,0.95
_printf_r,0x0025EF60,0x00245408,raw_sha1,1.00
rand,0x0025FA28,0x0019E614,raw_sha1,1.00
strtol,0x002607B8,0x00246C60,op_seq_hash,0.95
fflush,0x00264FF8,0x00100108,raw_sha1,1.00
_Bfree,0x00266C60,0x0024D120,op_seq_hash,0.95
__srefill,0x00267BF8,0x001074A0,raw_sha1,1.00
raise,0x002680F8,0x00100D5C,raw_sha1,1.00
_strtod_r,0x00268390,0x00100BC0,raw_sha1,1.00
systemStatus,0x0026FBC0,0x00255F80,op_seq_hash,0.95
