symbol,usa_va,size,confidence
movie_abort_check,0x001025E0,8,0.85
SetRootMatrixRotOffset,0x00102DD8,8,0.85
RotCurrentQuaternionY,0x0010DBC8,8,0.85
SetQuaternionByAxisRotateV,0x001019A0,8,1.00
light_InitLight,0x001049B4,8,1.00
_InnerProduct,0x00118B10,8,0.85
tex_LoadTexture,0x0012FFE8,8,0.85
iosCdvdHandlerReadInflate,0x00130448,8,1.00
iosCdvdBackGroundMgrAdd,0x00132928,8,0.85
iosMsgQueueDestroy,0x0013A1F8,8,0.85
iosPadEnable,0x0013B758,8,0.85
iosPadEnableGet,0x001394E8,8,1.00
iosPadActStopAll,0x0013B870,8,0.85
ShockRequestBox_Request,0x0013C4B8,8,0.85
Reset_ShockRequestStruct,0x0013CC70,8,0.85
isysGObjGetExist_begin,0x0013EBA8,8,0.85
isysGObjRemoveObjDL,0x0013ED58,8,0.85
soundSeEnvNotUseClose,0x001147C4,8,1.00
_ACTCharStatus_Init,0x00149F18,8,0.85
ACTMotDirToWall,0x0015D518,8,0.85
actEnemyBodylift,0x0015F648,8,0.85
DrawGObjWallCollision,0x001651F0,8,0.85
get_wp_nearest_bridge_side_bridge,0x00178928,8,0.85
scpTriggerBallTargetMan,0x001024B0,8,1.00
_CameraEdit_BOX,0x00185280,8,0.85
CameraGetOtherObjOffset,0x0010A78C,8,1.00
correct_vector,0x0018B2F8,8,0.85
IsPointIsInScreen,0x0010A4E4,8,0.95
GatherEffect_Proc,0x001949B0,8,0.85
bossCtrlBeforeFunc,0x0018CEF8,8,1.00
actBossCtrlStart,0x001956E0,8,0.85
ReadSoundSqFile,0x0019F8F0,8,0.85
la_load_game_memory_card_check,0x00107268,8,1.00
lt_prev_layout,0x001AAF20,8,1.00
staffRollWide,0x001B4F50,8,0.85
GetAP1SpecType,0x001B6E50,8,0.85
InitBoyGeo,0x001049B4,8,1.00
GetChainAnimation,0x001C08B0,8,0.85
EnemySetfDisappear,0x001024B0,8,1.00
HandManager,0x001CEB10,8,0.85
IsItemHoldable,0x001D04B0,8,0.85
actSt04aGateOpen2,0x00213A18,8,0.85
actSt04bDoorXL,0x0013C5AC,8,1.00
actSt04cInit,0x0013608C,8,1.00
actSt04lBrg1Chk,0x00217820,8,0.85
actSt04lRope4,0x00219838,8,0.85
actSt04lMonyou07,0x0021A080,8,0.85
actSt04rMonyou04Chk,0x0021D558,8,0.85
actSt04rC2BallMain,0x0021F3B0,8,0.85
actSt04rTorch2_2XLChk,0x0021FA28,8,0.85
actSt04rDoor2Chk,0x00220370,8,0.85
actSt06aBoxEvent2InChk,0x00222F20,8,0.85
actSt06aWayOffChk,0x00223108,8,0.85
actSt06aWallWay2OnChk,0x001049B4,8,1.00
actSt07aEnd,0x001019A0,8,1.00
actSt07aGene3,0x00224C70,8,0.85
actSt07TsuroEvent,0x00225148,8,0.85
actSt09aElv,0x00226E10,8,0.85
actSt09aBrg,0x00226F20,8,0.85
actSt10lFloorLeft,0x002272E0,8,0.85
actSt10lChainMove,0x00227AD8,8,0.85
actSt10lSekizoEvent,0x001049B4,8,1.00
actSt10rFenceUpChk,0x00229340,8,0.85
actSt10rExitChk,0x00229C98,8,0.85
actSt13bSekizoChk,0x0022B508,8,0.85
actSt13cCageFallChk,0x0022D648,8,0.85
actSt19aChainUp,0x002324D8,8,0.85
actSt20aBridgeDown,0x00232BF8,8,0.85
actSt47aExit2Chk,0x00235C68,8,0.85
stageSE09asea,0x002376E8,8,0.85
sceVu0MulMatrix,0x0023E570,8,0.85
sceVu0ScaleVector,0x001044FC,8,1.00
sceSifCheckStatRpc,0x00241A18,8,0.85
sceCdSearchFile,0x001049B4,8,1.00
_sceMpegFlush,0x0024CE38,8,0.85
_sysbitInit,0x00252F28,8,0.85
__divdi3,0x0025B990,8,0.85
_printf_r,0x00245408,8,1.00
rand,0x0019E614,8,1.00
_sprintf_r,0x0025FA58,8,0.85
_malloc_trim_r,0x00265798,8,0.85
__srefill,0x001074A0,8,1.00
getCloth4D_planeClip,0x00154CB8,16,1.00
actSt04rStairEvent,0x0021F558,16,0.85
actSt04rRope1Event,0x0021F568,16,0.85
actSt04rRope2Event,0x0021F578,16,0.85
actSt08aEnemy4,0x002258E0,16,0.85
actSt20aFenceDownChk2,0x00154CB8,16,1.00
stageSE47anoise,0x00154CB8,16,1.00
sceMcGetEntSpace,0x0024B3E8,16,0.85
actSt04lTorch2_1,0x0021A440,24,0.85
_pack_header,0x0024BB90,24,0.85
SetEnemyWingRatio,0x001C0F08,28,1.00
sceCdStRead,0x002485C0,28,0.85
SetMotionBlendlessNode,0x0010A048,32,0.95
debug_ResizeFontWindowHeight,0x0019DBA8,32,0.95
gamesysObjInfoStageInitPosSaveUnlock,0x001AAEA0,32,0.85
WayPointList_next,0x00201DA8,32,0.85
sceGsSyncPath,0x0023D2C8,32,0.85
sceDeci2Close,0x00101AE8,36,1.00
sceDeci2Poll,0x00101B40,36,1.00
sceDeci2ExLock,0x00101C08,36,1.00
sceDeci2ExUnLock,0x00101C30,36,1.00
kputs,0x00101C58,36,1.00
actSt04rBrg1Event,0x0021F588,36,0.85
actEnemyFlagOnDead,0x0015D5F0,44,0.95
EnemyBrainStatus_Boy,0x0015D5F0,44,0.95
la_load_processing,0x001AF470,44,0.85
iosCdvdBackGroundMgrEntryNum,0x00133398,48,0.85
isysGObjProcPausePtr,0x0013F748,48,0.85
sceVu0ClipScreen3,0x0023F130,48,0.85
sceDeci2ExRecv,0x00101B68,52,1.00
sceDeci2ExSend,0x00101BA0,52,1.00
debug_ClearFontWindow,0x0019DB70,52,0.95
AP1JumpReq,0x001AE3B0,52,0.95
viBufRestartDMA,0x0023AEA0,52,0.85
kprintf,0x001019A8,56,1.00
ClearMotionBlendlessNode,0x0010A160,60,0.85
MultiMatrixByQuaternion,0x0010E708,60,0.95
actEnemyKidnapBegin,0x0015F298,60,0.85
scpLinkBGAtoLayoutedTargetSkeltonWithLocalRotationFlag,0x0017A328,60,0.85
sceMcGetSlotMax,0x00231AF8,60,0.95
iosMcFormat,0x00138068,68,0.85
iosMcGetDir,0x001380F8,68,0.85
iosMcSaveProductBlock,0x001381D0,68,0.85
iosMcLoadProductBlock,0x00138218,68,0.85
iosMsgSetEvent,0x00137F48,68,0.95
actSt04rMonyou03Event,0x0021F688,68,0.85
actSt04rGondolaCharaChk,0x0021F7A8,68,0.85
iosMcDelete,0x00138140,72,0.85
iosMcSaveIconBlock,0x00138188,72,0.85
actSt04bEne1Chk,0x00203A10,72,0.95
actSt04rTorch2_1XL,0x0021ECB0,72,0.85
debugSceClose,0x0019E1D8,76,0.95
warpGirlInit,0x0017E4A0,80,0.85
actSt04lCrest03,0x00219100,80,0.85
iosMcGetBlockSaveInfo,0x00136140,84,0.95
ShockDriver_VoiceSet_Remove,0x0013A7C8,84,0.95
StageOrientGet,0x00191948,84,0.95
actE3GateJimaku,0x00205AD8,84,0.85
ObjAction_CorrectGeo,0x0021F350,84,0.95
sceVu0CopyVectorXYZ,0x0023F080,84,0.85
_UnitRotation,0x001177C8,88,0.95
ShockRequestBox_GetRequest,0x0013C820,88,0.85
GetWallAttribute,0x001669B8,88,0.85
actSt04dDoor2DownChk,0x00204FA8,88,0.95
_DumpTLB,0x0020A468,88,0.95
fptodp,0x00245120,88,0.95
fiprintf,0x002451D0,88,0.95
InitMotionStateInfo,0x0010A1A0,92,0.85
scePrintf,0x001019E0,96,0.95
tex_ResetVramPri,0x001301F0,96,0.85
actSt06aWayOnChk,0x00223050,96,0.85
copy2area,0x0023A478,96,0.85
ResetMotionProgramInterpInfo,0x001D13A8,100,0.95
actSt07aChan,0x00224898,100,0.85
sceSifLoadModule,0x0022EA78,100,0.95
RotQuaternionEAZ,0x0010EAF8,104,0.85
sceRemove,0x0022CC88,104,0.95
_alalcSetDynamic,0x0021EEF8,104,0.95
prim_DispParticle,0x0011E488,108,0.85
debug_Printf2,0x00197008,108,0.95
actSt24aSword,0x00234458,108,0.85
__make_dp,0x0025E050,108,0.85
strtol,0x00246C60,108,0.95
ShockDriver_VoiceSet_Regist,0x0013C9D8,112,0.85
soundDataOpenSync,0x0013E7F8,112,0.95
actBoyItem,0x00152270,112,0.85
CameraEdit_DispBoxType2,0x001829D0,112,0.85
AdpcmVolumeSet,0x001EB3A8,112,0.95
audioDecSendToIOP,0x00224708,112,0.95
setBITBLTBUF,0x00225308,112,0.95
StartCorrectPosition,0x0015D348,116,0.85
actSt04aEnvSeWakare1,0x00213D60,120,0.85
actSt04eWaterMain,0x00205548,120,0.95
actSt04rStair,0x0021E038,120,0.85
actSt04rBrg2,0x0020C9B8,120,0.95
actSt06aShutterSwitch,0x00209CC8,120,0.95
actSt07aChanMot,0x00225040,120,0.85
sceDmaPutEnv,0x00209CC8,120,0.95
sceSifGetSreg,0x00209CC8,120,0.95
_getRef0,0x00209CC8,120,0.95
actSt13cConte04,0x0022CF58,124,0.85
sceGsSwapDBuff,0x0023D1D0,124,0.85
sceDmaWatch,0x00229E48,124,0.95
sceFormat,0x0022CD58,124,0.95
DispWireString,0x001E4560,128,0.95
sceSifSetCmdBuffer,0x00240BD0,128,0.85
__kernel_cosf,0x00240BD0,128,0.95
MatrixDrive_GetMatrix,0x00105400,132,0.95
iosSemaWait,0x0013DA00,132,0.85
actSt04rBrg1Way,0x0020CA30,132,0.95
actSt04rTorch2_1,0x0021EA70,132,0.85
_lmcGetClientPtr,0x0021F470,132,0.95
actSt04rMonyou01,0x0021EE70,136,0.85
actSt13cEnemyNull,0x0022EE68,136,0.85
AllocPObj,0x00226D08,136,0.95
sceDread,0x00244138,140,0.85
GetEnemyDefLife,0x001C11C0,144,0.95
iProbeTLBEntry,0x00246888,144,0.85
GetFloatingMotionRootPos,0x0010B040,148,0.85
SgSetBgmPanpot,0x0023E298,148,0.95
iSuspendThread,0x00101030,152,0.95
actSt04lC3BallMain,0x00209C30,152,0.95
actSt05eInit,0x00212AC8,152,0.95
actSt07aIntro,0x00212AC8,152,0.95
actSt13bElevUpChk,0x0022BD58,152,0.85
actSt13cBukiChk,0x0022F7B8,152,0.85
actSt18aSwitchRUpChk,0x00231130,152,0.85
actSt20aFence,0x00212AC8,152,0.95
stageSE17astrong,0x00209C30,152,0.95
sceFsReset,0x0022BD58,152,0.95
sceMpegSetImageBuff,0x00233DE8,152,0.95
RotQuaternionEAX,0x0010EA30,156,1.00
actSt04rSekizo,0x0020CEE0,160,0.95
DisableMotionOrientUpdate,0x0010A3F0,164,0.95
iosMcUnformat,0x00135EB8,164,0.95
ActPara_StatusToFlag,0x0014A980,164,0.85
actSt04aGateOpen,0x00211290,164,0.85
actSt06aHeadChk,0x00210738,164,0.95
actSt06aExitChk,0x00222D50,164,0.85
_updateRefImage,0x00210738,164,0.95
systemStatus,0x00255F80,164,0.95
actCommonTurnStrict,0x001586C8,168,0.95
scpIsTorchLightOn,0x0017A910,168,0.85
actSt08bKurenSwitch,0x00225C60,168,0.85
actSt19aOriDown,0x0021DF18,168,0.95
afterCommonBox,0x00159400,172,0.95
actSt04lOri2Event,0x0020A0A0,176,0.95
actSt06aWallWayOffChk,0x002116D0,176,0.95
actSt09aInit,0x00226AF0,176,0.85
actSt05dInit,0x0020A4C0,180,0.95
actSt18aEnemy1_1,0x0021D698,180,0.95
sceVu0ClipAll,0x00229588,184,0.95
__moddi3,0x0025C208,184,0.85
mc_TransMicroCode,0x00117CF0,192,0.95
CameraEdit_reset_pin,0x0017DA98,192,0.95
ACTRunIntrCorrect,0x001548F0,196,0.85
AttackCheckBoundaryManagerGeo,0x001AFAC8,196,0.95
actSt18aCamera,0x00231B90,196,0.85
debug_DispVu1IReg,0x0019DD48,200,0.95
GetAliveSpiders,0x001DAF30,204,0.95
stageSE10rstrong,0x00237860,208,0.85
fpdiv,0x0025E768,212,0.85
actSt00aAtr2Chk,0x0020CBE0,216,0.85
actSt04lC3BallSwitch,0x0021AC68,216,0.85
stageSE13dstrong,0x00237A00,216,0.85
bga_InitData,0x001E5E98,220,0.95
actSt04lMonyou04,0x00219EB8,220,0.85
MatrixDrive_TurnYObjectMatrixXZ,0x00105828,224,0.85
MatrixDrive_GetTurnYAngleXZ,0x00105BB8,224,0.85
MakeCameraMatrix,0x00188BB8,224,0.85
debug_AdpcmTest,0x0019EC50,224,0.95
MatrixDrive_GetTurnZAngleXY,0x00105D88,228,0.85
MatrixDrive_TurnXObjectMatrixZY,0x00105658,232,0.85
MatrixDrive_TurnXObjectMatrixYZ,0x00105740,232,0.85
MatrixDrive_GetTurnYEAngleXZ,0x00105C98,236,0.85
motCommonRopejumpDircorrect,0x00158960,236,0.95
actSt06aStatueChk,0x00210440,240,0.95
actGirlDitch3mExec,0x00173170,244,0.85
debug_CameraEditor,0x0017D7F0,244,0.95
GetSunWorldPos,0x001EAFC0,244,0.85
GetFloatingShapeMotion,0x00109BB8,248,0.95
WithMailFunc_AttackRejectInQueen,0x00154BC0,248,0.85
sceGsSetDefLoadImage,0x0023D750,248,0.85
SetQuaternionByAxisRotateEAngle,0x0010E398,256,0.85
BossEnemyFunc,0x00194FF8,256,0.85
stage_KillPlayBgAnimationIfOverMaxCount,0x00129970,260,0.95
Init_ShockDriver,0x0013A6C0,260,0.95
actSt03tGene,0x0020FE60,260,0.85
gif_StartPacketPri,0x00111CF0,272,1.00
gif_StartPacketPriPath1,0x00111CF0,272,1.00
gif_SetGsReg,0x00111CF0,272,1.00
actSt04lBrg2,0x002194D8,280,0.85
ShockRequestBox_EndRequestFree,0x0013A498,284,0.95
bga_SetFrame,0x001E8810,284,0.95
actSt13aCheckChk,0x00217DA8,292,0.95
iosMcSaveGameBlock,0x00138260,304,0.85
CloseVif1DirectPacket,0x001A7DF0,304,0.85
dpadd,0x0025D7F0,304,0.85
WayBridgeAll_begin,0x001F3390,308,0.95
ACTGameView_Check,0x00149C28,312,0.85
ACTGame_SendSoundMail,0x0014A178,312,0.85
reallocseki,0x001E5E38,316,0.95
ACTWayMove_NextDetail,0x001EFDA0,320,0.95
actSt04rC3BallTurn,0x0021BB00,320,0.85
actSt47aEnemy2,0x0021B750,320,0.95
actConte14_12,0x00209968,324,0.85
actSt04dDoor2DownEffect,0x00215FE0,332,0.85
funcCommonSofaWakeup,0x0015D1F8,336,0.85
HoldRope,0x001E59A0,340,0.85
DispLimitedPoolReflactionMesh,0x0010D698,348,0.85
dispDelete,0x00225480,352,0.95
_quantMatrixExtension,0x00238320,352,0.95
InitHandCameraCorrect,0x00192478,360,0.85
GirlForceFieldGeo,0x001C3C90,376,0.95
subEnemyCollision,0x0015E2C8,384,0.85
DeleteWayPoint,0x001F3188,384,0.95
scpTriggerWallAttr,0x00174D78,392,0.95
actSt13bConte02,0x002182B0,392,0.95
actSt05eEnd,0x0021B2E8,396,0.85
SgGetSlotStatus,0x00257888,404,0.85
CheckPoolHasGridMesh,0x0010D8E0,408,0.85
lt_set_fade_mode,0x001B3B38,408,0.85
actSt04aGateL,0x00213888,408,0.85
actSt02aSecretItemChk,0x0010798C,412,0.95
getReviveEnemyGObj,0x001E7F38,416,0.85
WeaponHitEffect,0x001E2848,416,0.95
actSt20aGondolaMain,0x00233A98,428,0.85
la_save_processing,0x001A7F20,432,0.95
RestoreSpiderLayoutGeo,0x001DAC40,432,1.00
sceSifSetIopAddr,0x00245FD0,440,0.85
SetDirectRootPositionNoFittingWithNodePoint,0x00102DE0,444,0.85
font_Init,0x001F7010,448,0.85
SetRootQuaternion,0x00102C10,464,0.85
SetGirlClothDispSwitch,0x001C3C38,464,0.95
SetSwitchState,0x001BCF60,472,0.85
_InterGV,0x00189B88,476,0.95
MakeExitAttributeIndex,0x001613B0,484,0.95
InitLightLineGeo,0x001BDA70,484,0.85
debug_BeginTimer,0x001A6848,488,0.85
GetChainDirCorrectVal,0x0018DB90,492,0.85
scePadInfoAct,0x002492A0,496,0.85
soundReverbDepthGet,0x00142A68,500,0.85
_Bfree,0x0024D120,504,0.95
gif_MakeSpriteWithStrip,0x001101E0,512,1.00
GetInitialInverseMatrixByDObj,0x001032A8,524,0.95
gif_Line,0x00110580,528,1.00
UnitRotation,0x00106178,532,0.85
CheckCarryableItem,0x001C5988,532,0.95
dl_PushPriority,0x001F72D0,532,0.85
brainLevelProcess,0x0017F5E8,552,0.85
SgStAdpcmPlay,0x00258A00,568,0.85
brainInitGirlSet,0x0017FCF8,584,0.85
actEnemyBodyslam,0x0015E7F8,596,0.95
gif_EndPacketPath1,0x0010FCC0,616,1.00
test_nextstage_firstwalk_set,0x001ABEB8,636,0.95
audioDecReset,0x00238EB0,644,0.85
ChangeFieldCollisionDebugMode,0x001619A8,652,0.95
actSt04cEne,0x00204538,680,0.95
tex_TransTexture,0x0012BBE8,708,0.95
actSt04lMonyou03Event,0x0021B010,724,0.85
sceLseek,0x0022BFE8,740,0.95
ACTGame_SetMotionPlaySpeedRatio_Exec,0x00147F88,748,1.00
ForTest_ForceShiftMotion,0x001D26C8,748,0.95
actSt10lEneCam1Chk,0x00228690,756,0.85
sndBgmReadyNextStage,0x00143650,760,0.85
gif_SpriteOrg,0x00110E00,772,1.00
actEnemyFlagCheckDead,0x0015EAB0,772,0.95
ACTGame_SetMotionPlaySpeedRatio_Clear,0x00147F68,780,1.00
la_load_confirm_no_data,0x001AF190,780,0.85
sceVu0ITOF0Vector,0x00228D18,784,0.95
GetStreamMotionData,0x001E00F8,832,0.95
InitRotObjectGeo,0x001E6438,848,0.85
dispPlane,0x00106740,852,0.85
ClipWallFieldCheckCB,0x00166488,856,0.85
ParticleLayoutDL,0x001E54E8,864,0.85
_sysbitNext,0x00252F60,868,0.85
_type2id,0x0024B500,892,0.85
sndInit,0x001412C8,916,0.95
nearest_waypoint,0x00177F18,916,0.85
GetChainLength,0x00186650,936,0.95
actDummy,0x00200470,980,0.85
close,0x00240218,1000,0.85
ClipWallEField,0x001663E0,1024,0.85
DebugDispAutoEscort,0x00172D58,1048,0.85
ClipWallAdjustPos,0x00161800,1076,1.00
GetOrientOfCliffOfGObj,0x00106E38,1080,0.95
ClipWallFuchiHangWalkStop,0x001663A0,1088,0.85
ClipWallBoxStop,0x001617E0,1108,1.00
iosThreadSuspend,0x0013D440,1120,0.85
actCommonSlowrun,0x0015B550,1152,0.85
ResetClothAnimation,0x001C5120,1232,0.85
gsb_InitGSSystem,0x00114080,1244,0.95
GetChainNodeID,0x001C5108,1256,0.85
actSt04cIntroChk,0x002154D8,1308,0.85
iosPadActInit,0x001394F0,1376,0.95
_ApplyCurrentMatrix,0x001171E8,1380,0.95
strlen,0x0025FF44,1472,0.85
_printf,0x001013E0,1480,0.95
videoDecIsFlushed,0x0019B078,1512,0.85
videoDecAbort,0x0019B060,1536,0.85
actSt04bEnemy2,0x00214AD0,1592,0.85
EntryMultiBgaManagerSensitive,0x0010BA84,1640,0.95
actAfterFall,0x0015D7E8,1908,0.85
Main,0x00101C80,2104,0.85
afterCommonCling,0x0015D6D0,2188,0.85
strcat,0x0025FBC0,2372,0.85
afterBoyHand50,0x0014F890,2628,0.95
ReadSoundHdFile,0x001963A8,3024,1.00
_FrontGV,0x0018A4B0,3044,0.95
actCommonTruckLever,0x0015C290,3108,0.85
CorrectStickInfo,0x0014F0EC,4584,0.95
actInitialize,0x001FE7B0,8192,0.85
actSt01bSekizo,0x001FD158,8192,0.95
actSt01bSekizoEvent,0x001FD5B4,8192,0.95
actSt02aFenceOpen,0x001FE834,8192,0.95
